INSERT INTO country(id, title) VALUES('ec', 'Ecuador');
INSERT INTO country(id, title) VALUES('gt', 'Guatemala');
INSERT INTO country(id, title) VALUES('pe', 'Perú');
INSERT INTO country(id, title) VALUES('br', 'Brazil');
INSERT INTO country(id, title) VALUES('ar', 'Argentina');
INSERT INTO country(id, title) VALUES('de', 'Germany');
INSERT INTO country(id, title) VALUES('uk', 'United Kingdom');
INSERT INTO country(id, title) VALUES('po', 'Portugal');
INSERT INTO country(id, title) VALUES('pa', 'Panamá');
INSERT INTO country(id, title) VALUES('co', 'Colombia');
INSERT INTO country(id, title) VALUES('mx', 'Mexico');
INSERT INTO country(id, title) VALUES('gr', 'Greece');
INSERT INTO country(id, title) VALUES('us', 'United States');
INSERT INTO country(id, title) VALUES('ni', 'Nicaragua');
INSERT INTO country(id, title) VALUES('cr', 'Costa Rica');
INSERT INTO country(id, title) VALUES('bo', 'Bolivia');
INSERT INTO country(id, title) VALUES('il', 'Israel');
----------------------------------------------
INSERT INTO location(id, country_id, title) VALUES('5f3543ae-3958-4966-b465-64715a8d0faf', 'ec', 'Amazon Tena');
INSERT INTO location(id, country_id, title) VALUES('31629a47-ef8b-45e9-baa1-85a935819ef8', 'gt', 'Antigua');
INSERT INTO location(id, country_id, title) VALUES('574bc7c3-bb5f-4bec-9817-05d5c5ad6b3b', 'pe', 'Arequipa');
INSERT INTO location(id, country_id, title) VALUES('6662cd7a-f859-4b43-8a11-5bcc600ec29a', 'gt', 'Atitlan');
INSERT INTO location(id, country_id, title) VALUES('39c6ad0f-2603-4ccc-aef9-41d72a498b3a', 'br', 'Aurora São Paulo');
INSERT INTO location(id, country_id, title) VALUES('0a498510-885c-45f1-a5c3-745cf1a7f431', 'ar', 'Bariloche');
INSERT INTO location(id, country_id, title) VALUES('f015897f-98c1-4947-bd44-db6d149fae63', 'ec', 'Baños');
INSERT INTO location(id, country_id, title) VALUES('97e4f06d-9ddb-469c-82d4-bf2e5840ff9d', 'de', 'Berlin West');
INSERT INTO location(id, country_id, title) VALUES('bc37087b-45ca-406b-b898-72b6aa49f32e', 'uk', 'Birmingham');
INSERT INTO location(id, country_id, title) VALUES('50b4909a-dd77-430f-9f42-a026ffb4c732', 'po', 'Boavista Ericeira');
INSERT INTO location(id, country_id, title) VALUES('706adabe-2749-4dc1-a1bc-5eec39e61045', 'pa', 'Bocas del Toro, Isla Colon');
INSERT INTO location(id, country_id, title) VALUES('69bfa07b-b7fd-4424-b2e4-223223700fcc', 'pa', 'Bocas del Toro, Red Frog');
INSERT INTO location(id, country_id, title) VALUES('953401cf-d05d-486a-88b6-ed2f9a017d7f', 'co', 'Bogota, Chapinero');
INSERT INTO location(id, country_id, title) VALUES('578350ec-03b0-41b7-9c0d-9f743aa7a7a6', 'co', 'Bogota, La Candelaria');
INSERT INTO location(id, country_id, title) VALUES('f892b64d-0b32-493d-aa3c-d69152138347', 'co', 'Bogota, Parque de la 93');
INSERT INTO location(id, country_id, title) VALUES('006be3f8-7313-483e-9c77-6d4841e66ca6', 'mx', 'Cancun Downtown');
INSERT INTO location(id, country_id, title) VALUES('ff6e7446-5de7-48d0-ba40-235feafaca2e', 'mx', 'Cancun Laguna, Hotel Zone');
INSERT INTO location(id, country_id, title) VALUES('5f754503-b1a9-40f6-8c85-d34477cc6879', 'co', 'Cartagena');
INSERT INTO location(id, country_id, title) VALUES('239cdbd2-b05d-45c4-9fe9-87d0b66a0cb6', 'pa', 'Casco Viejo, Panama City');
INSERT INTO location(id, country_id, title) VALUES('a713394e-27f5-408e-a013-c29cb5b2b245', 'gr', 'Centavrus Pelion');
INSERT INTO location(id, country_id, title) VALUES('2bf5e770-0504-4d96-b893-f8f489fdad37', 'ec', 'Cuenca');
INSERT INTO location(id, country_id, title) VALUES('43323c62-506e-4080-9d16-059718373642', 'pe', 'Cusco Saphi');
INSERT INTO location(id, country_id, title) VALUES('57db4be1-7e28-4919-842d-075541f6d968', 'pe', 'Cusco, Plaza de Armas');
INSERT INTO location(id, country_id, title) VALUES('40cedb32-9641-417f-8968-6efaf4f1f5b2', 'br', 'Floripa');
INSERT INTO location(id, country_id, title) VALUES('2cc214fb-ab51-486a-8f62-eade70a2e712', 'po', 'Geres');
INSERT INTO location(id, country_id, title) VALUES('6f6d2f45-fdf7-4643-8bbc-fd98ebd259df', 'us', 'Gold Dust');
INSERT INTO location(id, country_id, title) VALUES('87548134-c3d4-4fa2-b936-3fb6db97010c', 'ni', 'Granada');
INSERT INTO location(id, country_id, title) VALUES('d4d76847-0f88-4a71-94b0-65a076b772e6', 'pe', 'Huaraz');
INSERT INTO location(id, country_id, title) VALUES('a9a36504-51c8-4b58-beab-c80fd47fa0dd', 'cr', 'Jaco');
INSERT INTO location(id, country_id, title) VALUES('738ab46e-83c0-4130-b33c-db03769c4c03', 'pa', 'Kalu Yala');
INSERT INTO location(id, country_id, title) VALUES('d6ae333a-ab49-46a5-b50a-d8131e86a74e', 'cr', 'La Fortuna');
INSERT INTO location(id, country_id, title) VALUES('3b48932d-f546-4de0-b699-9d3e90523448', 'bo', 'La Paz');
INSERT INTO location(id, country_id, title) VALUES('9ab808db-b6ea-4ef9-8197-be334cfd9144', 'br', 'Lapa, Rio de Janeiro');
INSERT INTO location(id, country_id, title) VALUES('1afa3319-48da-46a4-b5be-4db4d0d7066e', 'mx', 'Los Lirios Tulum');
INSERT INTO location(id, country_id, title) VALUES('7efc2fe9-78a2-4313-99ca-3cb1fd2ef18d', 'br', 'Madalena São Paulo');
INSERT INTO location(id, country_id, title) VALUES('2e90bd04-6b69-419a-8373-cc224dd8cebf', 'ni', 'Maderas');
INSERT INTO location(id, country_id, title) VALUES('cc7f680e-efe8-4257-ae88-dfe97881f2f8', 'cr', 'Manuel Antonio');
INSERT INTO location(id, country_id, title) VALUES('31c94c49-1475-4dfe-a106-3138bf987328', 'co', 'Medellin');
INSERT INTO location(id, country_id, title) VALUES('3dcb9049-6507-420f-a399-2bda6c5d1ada', 'mx', 'Mexico City Downtown');
INSERT INTO location(id, country_id, title) VALUES('b86b627e-88d2-46c2-b002-7e63818b889b', 'po', 'Milfontes');
INSERT INTO location(id, country_id, title) VALUES('2e9de9d3-92ff-44e3-9624-74dcdfa393c6', 'pe', 'Miraflores, Lima');
INSERT INTO location(id, country_id, title) VALUES('81a068b3-618c-4d55-8cfc-8f8525ef1845', 'ec', 'Montañita');
INSERT INTO location(id, country_id, title) VALUES('990f214f-d92e-4ee5-aac3-6382fd2906b0', 'cr', 'Monteverde');
INSERT INTO location(id, country_id, title) VALUES('75f3b24f-f45c-4f5f-abe6-8ab294d28944', 'uk', 'NQ1 Manchester');
INSERT INTO location(id, country_id, title) VALUES('04697a74-9b9e-4ace-88b2-f49704a0eb3e', 'il', 'Neve Tzedek');
INSERT INTO location(id, country_id, title) VALUES('545aa4e6-1d42-488e-81cb-27d31b722bcb', 'cr', 'Nosara');
INSERT INTO location(id, country_id, title) VALUES('b5d8344e-db9c-4b4a-a619-2a56a5e302ae', 'ar', 'Nueva Cordoba');
INSERT INTO location(id, country_id, title) VALUES('2f31c6d0-e2c9-497d-834c-93cc11233714', 'mx', 'Oaxaca');
INSERT INTO location(id, country_id, title) VALUES('6a701484-af7b-4ded-9cc3-434b73760529', 'ar', 'Palermo Soho');
INSERT INTO location(id, country_id, title) VALUES('5d8f641e-9af6-4b1e-ad09-51d8b6363867', 'br', 'Paraty');
INSERT INTO location(id, country_id, title) VALUES('7dae071e-def0-406b-ac73-f1576962fdc5', 'pa', 'Pedasi');
INSERT INTO location(id, country_id, title) VALUES('dbf96899-845b-4f39-8201-a1d932551bb6', 'pa', 'Playa Venao');
INSERT INTO location(id, country_id, title) VALUES('e94531a5-6a74-4c99-bd8d-38e6aee6ee06', 'mx', 'Playa del Carmen');
INSERT INTO location(id, country_id, title) VALUES('cb3e4cd9-0cfb-4734-874f-f3bb11d968bd', 'po', 'Porto');
INSERT INTO location(id, country_id, title) VALUES('59a0cb3e-d4fa-4d7a-b3cc-8fe6199fc0b2', 'mx', 'Puerto Escondido');
INSERT INTO location(id, country_id, title) VALUES('e8686ce4-4bf7-44c5-bac1-2ab1a4c37932', 'cr', 'Puerto Viejo');
INSERT INTO location(id, country_id, title) VALUES('cedead9a-cd95-493d-a98d-4016373d2e13', 'co', 'Quindio');
INSERT INTO location(id, country_id, title) VALUES('f9517904-ca99-47b4-8d50-a513ad758f90', 'ec', 'Quito');
INSERT INTO location(id, country_id, title) VALUES('81bc0228-4a45-427c-8150-bfc5b8b77af4', 'cr', 'San Jose');
INSERT INTO location(id, country_id, title) VALUES('83142658-7661-4304-bc7d-3b95c519f43e', 'cr', 'Santa Teresa North');
INSERT INTO location(id, country_id, title) VALUES('e9d3cdc0-31ac-4441-8c10-6510a5be425e', 'cr', 'Santa Teresa South');
INSERT INTO location(id, country_id, title) VALUES('36b98307-8715-40cb-beff-e04ab98c0d6b', 'po', 'Secret Garden Lisbon');
INSERT INTO location(id, country_id, title) VALUES('6864e889-f51d-4d98-b635-f5b2e69f7aa3', 'cr', 'Tamarindo');
INSERT INTO location(id, country_id, title) VALUES('97b78dec-2b17-4f9e-830e-e003dae170ed', 'co', 'Villa de Leyva');
----------------------------------------------
INSERT INTO offer (location_id, offer_type, price, qty) VALUES ('5f3543ae-3958-4966-b465-64715a8d0faf', 'Dorm', 10, 10);
INSERT INTO offer (location_id, offer_type, price, qty) VALUES ('5f3543ae-3958-4966-b465-64715a8d0faf', 'Private', 20, 10);
INSERT INTO offer (location_id, offer_type, price, qty) VALUES ('5f3543ae-3958-4966-b465-64715a8d0faf', 'Deluxe', 30, 10);
INSERT INTO offer (location_id, offer_type, price, qty) VALUES ('31629a47-ef8b-45e9-baa1-85a935819ef8', 'Dorm', 10, 10);
INSERT INTO offer (location_id, offer_type, price, qty) VALUES ('31629a47-ef8b-45e9-baa1-85a935819ef8', 'Private', 20, 10);
INSERT INTO offer (location_id, offer_type, price, qty) VALUES ('31629a47-ef8b-45e9-baa1-85a935819ef8', 'Deluxe', 30, 10);
INSERT INTO offer (location_id, offer_type, price, qty) VALUES ('574bc7c3-bb5f-4bec-9817-05d5c5ad6b3b', 'Dorm', 10, 10);
INSERT INTO offer (location_id, offer_type, price, qty) VALUES ('574bc7c3-bb5f-4bec-9817-05d5c5ad6b3b', 'Private', 20, 10);
INSERT INTO offer (location_id, offer_type, price, qty) VALUES ('574bc7c3-bb5f-4bec-9817-05d5c5ad6b3b', 'Deluxe', 30, 10);
INSERT INTO offer (location_id, offer_type, price, qty) VALUES ('6662cd7a-f859-4b43-8a11-5bcc600ec29a', 'Dorm', 10, 10);
INSERT INTO offer (location_id, offer_type, price, qty) VALUES ('6662cd7a-f859-4b43-8a11-5bcc600ec29a', 'Private', 20, 10);
INSERT INTO offer (location_id, offer_type, price, qty) VALUES ('6662cd7a-f859-4b43-8a11-5bcc600ec29a', 'Deluxe', 30, 10);
INSERT INTO offer (location_id, offer_type, price, qty) VALUES ('39c6ad0f-2603-4ccc-aef9-41d72a498b3a', 'Dorm', 10, 10);
INSERT INTO offer (location_id, offer_type, price, qty) VALUES ('39c6ad0f-2603-4ccc-aef9-41d72a498b3a', 'Private', 20, 10);
INSERT INTO offer (location_id, offer_type, price, qty) VALUES ('39c6ad0f-2603-4ccc-aef9-41d72a498b3a', 'Deluxe', 30, 10);
INSERT INTO offer (location_id, offer_type, price, qty) VALUES ('0a498510-885c-45f1-a5c3-745cf1a7f431', 'Dorm', 10, 10);
INSERT INTO offer (location_id, offer_type, price, qty) VALUES ('0a498510-885c-45f1-a5c3-745cf1a7f431', 'Private', 20, 10);
INSERT INTO offer (location_id, offer_type, price, qty) VALUES ('0a498510-885c-45f1-a5c3-745cf1a7f431', 'Deluxe', 30, 10);
INSERT INTO offer (location_id, offer_type, price, qty) VALUES ('f015897f-98c1-4947-bd44-db6d149fae63', 'Dorm', 10, 10);
INSERT INTO offer (location_id, offer_type, price, qty) VALUES ('f015897f-98c1-4947-bd44-db6d149fae63', 'Private', 20, 10);
INSERT INTO offer (location_id, offer_type, price, qty) VALUES ('f015897f-98c1-4947-bd44-db6d149fae63', 'Deluxe', 30, 10);
INSERT INTO offer (location_id, offer_type, price, qty) VALUES ('97e4f06d-9ddb-469c-82d4-bf2e5840ff9d', 'Dorm', 10, 10);
INSERT INTO offer (location_id, offer_type, price, qty) VALUES ('97e4f06d-9ddb-469c-82d4-bf2e5840ff9d', 'Private', 20, 10);
INSERT INTO offer (location_id, offer_type, price, qty) VALUES ('97e4f06d-9ddb-469c-82d4-bf2e5840ff9d', 'Deluxe', 30, 10);
INSERT INTO offer (location_id, offer_type, price, qty) VALUES ('bc37087b-45ca-406b-b898-72b6aa49f32e', 'Dorm', 10, 10);
INSERT INTO offer (location_id, offer_type, price, qty) VALUES ('bc37087b-45ca-406b-b898-72b6aa49f32e', 'Private', 20, 10);
INSERT INTO offer (location_id, offer_type, price, qty) VALUES ('bc37087b-45ca-406b-b898-72b6aa49f32e', 'Deluxe', 30, 10);
INSERT INTO offer (location_id, offer_type, price, qty) VALUES ('50b4909a-dd77-430f-9f42-a026ffb4c732', 'Dorm', 10, 10);
INSERT INTO offer (location_id, offer_type, price, qty) VALUES ('50b4909a-dd77-430f-9f42-a026ffb4c732', 'Private', 20, 10);
INSERT INTO offer (location_id, offer_type, price, qty) VALUES ('50b4909a-dd77-430f-9f42-a026ffb4c732', 'Deluxe', 30, 10);
INSERT INTO offer (location_id, offer_type, price, qty) VALUES ('706adabe-2749-4dc1-a1bc-5eec39e61045', 'Dorm', 10, 10);
INSERT INTO offer (location_id, offer_type, price, qty) VALUES ('706adabe-2749-4dc1-a1bc-5eec39e61045', 'Private', 20, 10);
INSERT INTO offer (location_id, offer_type, price, qty) VALUES ('706adabe-2749-4dc1-a1bc-5eec39e61045', 'Deluxe', 30, 10);
INSERT INTO offer (location_id, offer_type, price, qty) VALUES ('69bfa07b-b7fd-4424-b2e4-223223700fcc', 'Dorm', 10, 10);
INSERT INTO offer (location_id, offer_type, price, qty) VALUES ('69bfa07b-b7fd-4424-b2e4-223223700fcc', 'Private', 20, 10);
INSERT INTO offer (location_id, offer_type, price, qty) VALUES ('69bfa07b-b7fd-4424-b2e4-223223700fcc', 'Deluxe', 30, 10);
INSERT INTO offer (location_id, offer_type, price, qty) VALUES ('953401cf-d05d-486a-88b6-ed2f9a017d7f', 'Dorm', 10, 10);
INSERT INTO offer (location_id, offer_type, price, qty) VALUES ('953401cf-d05d-486a-88b6-ed2f9a017d7f', 'Private', 20, 10);
INSERT INTO offer (location_id, offer_type, price, qty) VALUES ('953401cf-d05d-486a-88b6-ed2f9a017d7f', 'Deluxe', 30, 10);
INSERT INTO offer (location_id, offer_type, price, qty) VALUES ('578350ec-03b0-41b7-9c0d-9f743aa7a7a6', 'Dorm', 10, 10);
INSERT INTO offer (location_id, offer_type, price, qty) VALUES ('578350ec-03b0-41b7-9c0d-9f743aa7a7a6', 'Private', 20, 10);
INSERT INTO offer (location_id, offer_type, price, qty) VALUES ('578350ec-03b0-41b7-9c0d-9f743aa7a7a6', 'Deluxe', 30, 10);
INSERT INTO offer (location_id, offer_type, price, qty) VALUES ('f892b64d-0b32-493d-aa3c-d69152138347', 'Dorm', 10, 10);
INSERT INTO offer (location_id, offer_type, price, qty) VALUES ('f892b64d-0b32-493d-aa3c-d69152138347', 'Private', 20, 10);
INSERT INTO offer (location_id, offer_type, price, qty) VALUES ('f892b64d-0b32-493d-aa3c-d69152138347', 'Deluxe', 30, 10);
INSERT INTO offer (location_id, offer_type, price, qty) VALUES ('006be3f8-7313-483e-9c77-6d4841e66ca6', 'Dorm', 10, 10);
INSERT INTO offer (location_id, offer_type, price, qty) VALUES ('006be3f8-7313-483e-9c77-6d4841e66ca6', 'Private', 20, 10);
INSERT INTO offer (location_id, offer_type, price, qty) VALUES ('006be3f8-7313-483e-9c77-6d4841e66ca6', 'Deluxe', 30, 10);
INSERT INTO offer (location_id, offer_type, price, qty) VALUES ('ff6e7446-5de7-48d0-ba40-235feafaca2e', 'Dorm', 10, 10);
INSERT INTO offer (location_id, offer_type, price, qty) VALUES ('ff6e7446-5de7-48d0-ba40-235feafaca2e', 'Private', 20, 10);
INSERT INTO offer (location_id, offer_type, price, qty) VALUES ('ff6e7446-5de7-48d0-ba40-235feafaca2e', 'Deluxe', 30, 10);
INSERT INTO offer (location_id, offer_type, price, qty) VALUES ('5f754503-b1a9-40f6-8c85-d34477cc6879', 'Dorm', 10, 10);
INSERT INTO offer (location_id, offer_type, price, qty) VALUES ('5f754503-b1a9-40f6-8c85-d34477cc6879', 'Private', 20, 10);
INSERT INTO offer (location_id, offer_type, price, qty) VALUES ('5f754503-b1a9-40f6-8c85-d34477cc6879', 'Deluxe', 30, 10);
INSERT INTO offer (location_id, offer_type, price, qty) VALUES ('239cdbd2-b05d-45c4-9fe9-87d0b66a0cb6', 'Dorm', 10, 10);
INSERT INTO offer (location_id, offer_type, price, qty) VALUES ('239cdbd2-b05d-45c4-9fe9-87d0b66a0cb6', 'Private', 20, 10);
INSERT INTO offer (location_id, offer_type, price, qty) VALUES ('239cdbd2-b05d-45c4-9fe9-87d0b66a0cb6', 'Deluxe', 30, 10);
INSERT INTO offer (location_id, offer_type, price, qty) VALUES ('a713394e-27f5-408e-a013-c29cb5b2b245', 'Dorm', 10, 10);
INSERT INTO offer (location_id, offer_type, price, qty) VALUES ('a713394e-27f5-408e-a013-c29cb5b2b245', 'Private', 20, 10);
INSERT INTO offer (location_id, offer_type, price, qty) VALUES ('a713394e-27f5-408e-a013-c29cb5b2b245', 'Deluxe', 30, 10);
INSERT INTO offer (location_id, offer_type, price, qty) VALUES ('2bf5e770-0504-4d96-b893-f8f489fdad37', 'Dorm', 10, 10);
INSERT INTO offer (location_id, offer_type, price, qty) VALUES ('2bf5e770-0504-4d96-b893-f8f489fdad37', 'Private', 20, 10);
INSERT INTO offer (location_id, offer_type, price, qty) VALUES ('2bf5e770-0504-4d96-b893-f8f489fdad37', 'Deluxe', 30, 10);
INSERT INTO offer (location_id, offer_type, price, qty) VALUES ('43323c62-506e-4080-9d16-059718373642', 'Dorm', 10, 10);
INSERT INTO offer (location_id, offer_type, price, qty) VALUES ('43323c62-506e-4080-9d16-059718373642', 'Private', 20, 10);
INSERT INTO offer (location_id, offer_type, price, qty) VALUES ('43323c62-506e-4080-9d16-059718373642', 'Deluxe', 30, 10);
INSERT INTO offer (location_id, offer_type, price, qty) VALUES ('57db4be1-7e28-4919-842d-075541f6d968', 'Dorm', 10, 10);
INSERT INTO offer (location_id, offer_type, price, qty) VALUES ('57db4be1-7e28-4919-842d-075541f6d968', 'Private', 20, 10);
INSERT INTO offer (location_id, offer_type, price, qty) VALUES ('57db4be1-7e28-4919-842d-075541f6d968', 'Deluxe', 30, 10);
INSERT INTO offer (location_id, offer_type, price, qty) VALUES ('40cedb32-9641-417f-8968-6efaf4f1f5b2', 'Dorm', 10, 10);
INSERT INTO offer (location_id, offer_type, price, qty) VALUES ('40cedb32-9641-417f-8968-6efaf4f1f5b2', 'Private', 20, 10);
INSERT INTO offer (location_id, offer_type, price, qty) VALUES ('40cedb32-9641-417f-8968-6efaf4f1f5b2', 'Deluxe', 30, 10);
INSERT INTO offer (location_id, offer_type, price, qty) VALUES ('2cc214fb-ab51-486a-8f62-eade70a2e712', 'Dorm', 10, 10);
INSERT INTO offer (location_id, offer_type, price, qty) VALUES ('2cc214fb-ab51-486a-8f62-eade70a2e712', 'Private', 20, 10);
INSERT INTO offer (location_id, offer_type, price, qty) VALUES ('2cc214fb-ab51-486a-8f62-eade70a2e712', 'Deluxe', 30, 10);
INSERT INTO offer (location_id, offer_type, price, qty) VALUES ('6f6d2f45-fdf7-4643-8bbc-fd98ebd259df', 'Dorm', 10, 10);
INSERT INTO offer (location_id, offer_type, price, qty) VALUES ('6f6d2f45-fdf7-4643-8bbc-fd98ebd259df', 'Private', 20, 10);
INSERT INTO offer (location_id, offer_type, price, qty) VALUES ('6f6d2f45-fdf7-4643-8bbc-fd98ebd259df', 'Deluxe', 30, 10);
INSERT INTO offer (location_id, offer_type, price, qty) VALUES ('87548134-c3d4-4fa2-b936-3fb6db97010c', 'Dorm', 10, 10);
INSERT INTO offer (location_id, offer_type, price, qty) VALUES ('87548134-c3d4-4fa2-b936-3fb6db97010c', 'Private', 20, 10);
INSERT INTO offer (location_id, offer_type, price, qty) VALUES ('87548134-c3d4-4fa2-b936-3fb6db97010c', 'Deluxe', 30, 10);
INSERT INTO offer (location_id, offer_type, price, qty) VALUES ('d4d76847-0f88-4a71-94b0-65a076b772e6', 'Dorm', 10, 10);
INSERT INTO offer (location_id, offer_type, price, qty) VALUES ('d4d76847-0f88-4a71-94b0-65a076b772e6', 'Private', 20, 10);
INSERT INTO offer (location_id, offer_type, price, qty) VALUES ('d4d76847-0f88-4a71-94b0-65a076b772e6', 'Deluxe', 30, 10);
INSERT INTO offer (location_id, offer_type, price, qty) VALUES ('a9a36504-51c8-4b58-beab-c80fd47fa0dd', 'Dorm', 10, 10);
INSERT INTO offer (location_id, offer_type, price, qty) VALUES ('a9a36504-51c8-4b58-beab-c80fd47fa0dd', 'Private', 20, 10);
INSERT INTO offer (location_id, offer_type, price, qty) VALUES ('a9a36504-51c8-4b58-beab-c80fd47fa0dd', 'Deluxe', 30, 10);
INSERT INTO offer (location_id, offer_type, price, qty) VALUES ('738ab46e-83c0-4130-b33c-db03769c4c03', 'Dorm', 10, 10);
INSERT INTO offer (location_id, offer_type, price, qty) VALUES ('738ab46e-83c0-4130-b33c-db03769c4c03', 'Private', 20, 10);
INSERT INTO offer (location_id, offer_type, price, qty) VALUES ('738ab46e-83c0-4130-b33c-db03769c4c03', 'Deluxe', 30, 10);
INSERT INTO offer (location_id, offer_type, price, qty) VALUES ('d6ae333a-ab49-46a5-b50a-d8131e86a74e', 'Dorm', 10, 10);
INSERT INTO offer (location_id, offer_type, price, qty) VALUES ('d6ae333a-ab49-46a5-b50a-d8131e86a74e', 'Private', 20, 10);
INSERT INTO offer (location_id, offer_type, price, qty) VALUES ('d6ae333a-ab49-46a5-b50a-d8131e86a74e', 'Deluxe', 30, 10);
INSERT INTO offer (location_id, offer_type, price, qty) VALUES ('3b48932d-f546-4de0-b699-9d3e90523448', 'Dorm', 10, 10);
INSERT INTO offer (location_id, offer_type, price, qty) VALUES ('3b48932d-f546-4de0-b699-9d3e90523448', 'Private', 20, 10);
INSERT INTO offer (location_id, offer_type, price, qty) VALUES ('3b48932d-f546-4de0-b699-9d3e90523448', 'Deluxe', 30, 10);
INSERT INTO offer (location_id, offer_type, price, qty) VALUES ('9ab808db-b6ea-4ef9-8197-be334cfd9144', 'Dorm', 10, 10);
INSERT INTO offer (location_id, offer_type, price, qty) VALUES ('9ab808db-b6ea-4ef9-8197-be334cfd9144', 'Private', 20, 10);
INSERT INTO offer (location_id, offer_type, price, qty) VALUES ('9ab808db-b6ea-4ef9-8197-be334cfd9144', 'Deluxe', 30, 10);
INSERT INTO offer (location_id, offer_type, price, qty) VALUES ('1afa3319-48da-46a4-b5be-4db4d0d7066e', 'Dorm', 10, 10);
INSERT INTO offer (location_id, offer_type, price, qty) VALUES ('1afa3319-48da-46a4-b5be-4db4d0d7066e', 'Private', 20, 10);
INSERT INTO offer (location_id, offer_type, price, qty) VALUES ('1afa3319-48da-46a4-b5be-4db4d0d7066e', 'Deluxe', 30, 10);
INSERT INTO offer (location_id, offer_type, price, qty) VALUES ('7efc2fe9-78a2-4313-99ca-3cb1fd2ef18d', 'Dorm', 10, 10);
INSERT INTO offer (location_id, offer_type, price, qty) VALUES ('7efc2fe9-78a2-4313-99ca-3cb1fd2ef18d', 'Private', 20, 10);
INSERT INTO offer (location_id, offer_type, price, qty) VALUES ('7efc2fe9-78a2-4313-99ca-3cb1fd2ef18d', 'Deluxe', 30, 10);
INSERT INTO offer (location_id, offer_type, price, qty) VALUES ('2e90bd04-6b69-419a-8373-cc224dd8cebf', 'Dorm', 10, 10);
INSERT INTO offer (location_id, offer_type, price, qty) VALUES ('2e90bd04-6b69-419a-8373-cc224dd8cebf', 'Private', 20, 10);
INSERT INTO offer (location_id, offer_type, price, qty) VALUES ('2e90bd04-6b69-419a-8373-cc224dd8cebf', 'Deluxe', 30, 10);
INSERT INTO offer (location_id, offer_type, price, qty) VALUES ('cc7f680e-efe8-4257-ae88-dfe97881f2f8', 'Dorm', 10, 10);
INSERT INTO offer (location_id, offer_type, price, qty) VALUES ('cc7f680e-efe8-4257-ae88-dfe97881f2f8', 'Private', 20, 10);
INSERT INTO offer (location_id, offer_type, price, qty) VALUES ('cc7f680e-efe8-4257-ae88-dfe97881f2f8', 'Deluxe', 30, 10);
INSERT INTO offer (location_id, offer_type, price, qty) VALUES ('31c94c49-1475-4dfe-a106-3138bf987328', 'Dorm', 10, 10);
INSERT INTO offer (location_id, offer_type, price, qty) VALUES ('31c94c49-1475-4dfe-a106-3138bf987328', 'Private', 20, 10);
INSERT INTO offer (location_id, offer_type, price, qty) VALUES ('31c94c49-1475-4dfe-a106-3138bf987328', 'Deluxe', 30, 10);
INSERT INTO offer (location_id, offer_type, price, qty) VALUES ('3dcb9049-6507-420f-a399-2bda6c5d1ada', 'Dorm', 10, 10);
INSERT INTO offer (location_id, offer_type, price, qty) VALUES ('3dcb9049-6507-420f-a399-2bda6c5d1ada', 'Private', 20, 10);
INSERT INTO offer (location_id, offer_type, price, qty) VALUES ('3dcb9049-6507-420f-a399-2bda6c5d1ada', 'Deluxe', 30, 10);
INSERT INTO offer (location_id, offer_type, price, qty) VALUES ('b86b627e-88d2-46c2-b002-7e63818b889b', 'Dorm', 10, 10);
INSERT INTO offer (location_id, offer_type, price, qty) VALUES ('b86b627e-88d2-46c2-b002-7e63818b889b', 'Private', 20, 10);
INSERT INTO offer (location_id, offer_type, price, qty) VALUES ('b86b627e-88d2-46c2-b002-7e63818b889b', 'Deluxe', 30, 10);
INSERT INTO offer (location_id, offer_type, price, qty) VALUES ('2e9de9d3-92ff-44e3-9624-74dcdfa393c6', 'Dorm', 10, 10);
INSERT INTO offer (location_id, offer_type, price, qty) VALUES ('2e9de9d3-92ff-44e3-9624-74dcdfa393c6', 'Private', 20, 10);
INSERT INTO offer (location_id, offer_type, price, qty) VALUES ('2e9de9d3-92ff-44e3-9624-74dcdfa393c6', 'Deluxe', 30, 10);
INSERT INTO offer (location_id, offer_type, price, qty) VALUES ('81a068b3-618c-4d55-8cfc-8f8525ef1845', 'Dorm', 10, 10);
INSERT INTO offer (location_id, offer_type, price, qty) VALUES ('81a068b3-618c-4d55-8cfc-8f8525ef1845', 'Private', 20, 10);
INSERT INTO offer (location_id, offer_type, price, qty) VALUES ('81a068b3-618c-4d55-8cfc-8f8525ef1845', 'Deluxe', 30, 10);
INSERT INTO offer (location_id, offer_type, price, qty) VALUES ('990f214f-d92e-4ee5-aac3-6382fd2906b0', 'Dorm', 10, 10);
INSERT INTO offer (location_id, offer_type, price, qty) VALUES ('990f214f-d92e-4ee5-aac3-6382fd2906b0', 'Private', 20, 10);
INSERT INTO offer (location_id, offer_type, price, qty) VALUES ('990f214f-d92e-4ee5-aac3-6382fd2906b0', 'Deluxe', 30, 10);
INSERT INTO offer (location_id, offer_type, price, qty) VALUES ('75f3b24f-f45c-4f5f-abe6-8ab294d28944', 'Dorm', 10, 10);
INSERT INTO offer (location_id, offer_type, price, qty) VALUES ('75f3b24f-f45c-4f5f-abe6-8ab294d28944', 'Private', 20, 10);
INSERT INTO offer (location_id, offer_type, price, qty) VALUES ('75f3b24f-f45c-4f5f-abe6-8ab294d28944', 'Deluxe', 30, 10);
INSERT INTO offer (location_id, offer_type, price, qty) VALUES ('04697a74-9b9e-4ace-88b2-f49704a0eb3e', 'Dorm', 10, 10);
INSERT INTO offer (location_id, offer_type, price, qty) VALUES ('04697a74-9b9e-4ace-88b2-f49704a0eb3e', 'Private', 20, 10);
INSERT INTO offer (location_id, offer_type, price, qty) VALUES ('04697a74-9b9e-4ace-88b2-f49704a0eb3e', 'Deluxe', 30, 10);
INSERT INTO offer (location_id, offer_type, price, qty) VALUES ('545aa4e6-1d42-488e-81cb-27d31b722bcb', 'Dorm', 10, 10);
INSERT INTO offer (location_id, offer_type, price, qty) VALUES ('545aa4e6-1d42-488e-81cb-27d31b722bcb', 'Private', 20, 10);
INSERT INTO offer (location_id, offer_type, price, qty) VALUES ('545aa4e6-1d42-488e-81cb-27d31b722bcb', 'Deluxe', 30, 10);
INSERT INTO offer (location_id, offer_type, price, qty) VALUES ('b5d8344e-db9c-4b4a-a619-2a56a5e302ae', 'Dorm', 10, 10);
INSERT INTO offer (location_id, offer_type, price, qty) VALUES ('b5d8344e-db9c-4b4a-a619-2a56a5e302ae', 'Private', 20, 10);
INSERT INTO offer (location_id, offer_type, price, qty) VALUES ('b5d8344e-db9c-4b4a-a619-2a56a5e302ae', 'Deluxe', 30, 10);
INSERT INTO offer (location_id, offer_type, price, qty) VALUES ('2f31c6d0-e2c9-497d-834c-93cc11233714', 'Dorm', 10, 10);
INSERT INTO offer (location_id, offer_type, price, qty) VALUES ('2f31c6d0-e2c9-497d-834c-93cc11233714', 'Private', 20, 10);
INSERT INTO offer (location_id, offer_type, price, qty) VALUES ('2f31c6d0-e2c9-497d-834c-93cc11233714', 'Deluxe', 30, 10);
INSERT INTO offer (location_id, offer_type, price, qty) VALUES ('6a701484-af7b-4ded-9cc3-434b73760529', 'Dorm', 10, 10);
INSERT INTO offer (location_id, offer_type, price, qty) VALUES ('6a701484-af7b-4ded-9cc3-434b73760529', 'Private', 20, 10);
INSERT INTO offer (location_id, offer_type, price, qty) VALUES ('6a701484-af7b-4ded-9cc3-434b73760529', 'Deluxe', 30, 10);
INSERT INTO offer (location_id, offer_type, price, qty) VALUES ('5d8f641e-9af6-4b1e-ad09-51d8b6363867', 'Dorm', 10, 10);
INSERT INTO offer (location_id, offer_type, price, qty) VALUES ('5d8f641e-9af6-4b1e-ad09-51d8b6363867', 'Private', 20, 10);
INSERT INTO offer (location_id, offer_type, price, qty) VALUES ('5d8f641e-9af6-4b1e-ad09-51d8b6363867', 'Deluxe', 30, 10);
INSERT INTO offer (location_id, offer_type, price, qty) VALUES ('7dae071e-def0-406b-ac73-f1576962fdc5', 'Dorm', 10, 10);
INSERT INTO offer (location_id, offer_type, price, qty) VALUES ('7dae071e-def0-406b-ac73-f1576962fdc5', 'Private', 20, 10);
INSERT INTO offer (location_id, offer_type, price, qty) VALUES ('7dae071e-def0-406b-ac73-f1576962fdc5', 'Deluxe', 30, 10);
INSERT INTO offer (location_id, offer_type, price, qty) VALUES ('dbf96899-845b-4f39-8201-a1d932551bb6', 'Dorm', 10, 10);
INSERT INTO offer (location_id, offer_type, price, qty) VALUES ('dbf96899-845b-4f39-8201-a1d932551bb6', 'Private', 20, 10);
INSERT INTO offer (location_id, offer_type, price, qty) VALUES ('dbf96899-845b-4f39-8201-a1d932551bb6', 'Deluxe', 30, 10);
INSERT INTO offer (location_id, offer_type, price, qty) VALUES ('e94531a5-6a74-4c99-bd8d-38e6aee6ee06', 'Dorm', 10, 10);
INSERT INTO offer (location_id, offer_type, price, qty) VALUES ('e94531a5-6a74-4c99-bd8d-38e6aee6ee06', 'Private', 20, 10);
INSERT INTO offer (location_id, offer_type, price, qty) VALUES ('e94531a5-6a74-4c99-bd8d-38e6aee6ee06', 'Deluxe', 30, 10);
INSERT INTO offer (location_id, offer_type, price, qty) VALUES ('cb3e4cd9-0cfb-4734-874f-f3bb11d968bd', 'Dorm', 10, 10);
INSERT INTO offer (location_id, offer_type, price, qty) VALUES ('cb3e4cd9-0cfb-4734-874f-f3bb11d968bd', 'Private', 20, 10);
INSERT INTO offer (location_id, offer_type, price, qty) VALUES ('cb3e4cd9-0cfb-4734-874f-f3bb11d968bd', 'Deluxe', 30, 10);
INSERT INTO offer (location_id, offer_type, price, qty) VALUES ('59a0cb3e-d4fa-4d7a-b3cc-8fe6199fc0b2', 'Dorm', 10, 10);
INSERT INTO offer (location_id, offer_type, price, qty) VALUES ('59a0cb3e-d4fa-4d7a-b3cc-8fe6199fc0b2', 'Private', 20, 10);
INSERT INTO offer (location_id, offer_type, price, qty) VALUES ('59a0cb3e-d4fa-4d7a-b3cc-8fe6199fc0b2', 'Deluxe', 30, 10);
INSERT INTO offer (location_id, offer_type, price, qty) VALUES ('e8686ce4-4bf7-44c5-bac1-2ab1a4c37932', 'Dorm', 10, 10);
INSERT INTO offer (location_id, offer_type, price, qty) VALUES ('e8686ce4-4bf7-44c5-bac1-2ab1a4c37932', 'Private', 20, 10);
INSERT INTO offer (location_id, offer_type, price, qty) VALUES ('e8686ce4-4bf7-44c5-bac1-2ab1a4c37932', 'Deluxe', 30, 10);
INSERT INTO offer (location_id, offer_type, price, qty) VALUES ('cedead9a-cd95-493d-a98d-4016373d2e13', 'Dorm', 10, 10);
INSERT INTO offer (location_id, offer_type, price, qty) VALUES ('cedead9a-cd95-493d-a98d-4016373d2e13', 'Private', 20, 10);
INSERT INTO offer (location_id, offer_type, price, qty) VALUES ('cedead9a-cd95-493d-a98d-4016373d2e13', 'Deluxe', 30, 10);
INSERT INTO offer (location_id, offer_type, price, qty) VALUES ('f9517904-ca99-47b4-8d50-a513ad758f90', 'Dorm', 10, 10);
INSERT INTO offer (location_id, offer_type, price, qty) VALUES ('f9517904-ca99-47b4-8d50-a513ad758f90', 'Private', 20, 10);
INSERT INTO offer (location_id, offer_type, price, qty) VALUES ('f9517904-ca99-47b4-8d50-a513ad758f90', 'Deluxe', 30, 10);
INSERT INTO offer (location_id, offer_type, price, qty) VALUES ('81bc0228-4a45-427c-8150-bfc5b8b77af4', 'Dorm', 10, 10);
INSERT INTO offer (location_id, offer_type, price, qty) VALUES ('81bc0228-4a45-427c-8150-bfc5b8b77af4', 'Private', 20, 10);
INSERT INTO offer (location_id, offer_type, price, qty) VALUES ('81bc0228-4a45-427c-8150-bfc5b8b77af4', 'Deluxe', 30, 10);
INSERT INTO offer (location_id, offer_type, price, qty) VALUES ('83142658-7661-4304-bc7d-3b95c519f43e', 'Dorm', 10, 10);
INSERT INTO offer (location_id, offer_type, price, qty) VALUES ('83142658-7661-4304-bc7d-3b95c519f43e', 'Private', 20, 10);
INSERT INTO offer (location_id, offer_type, price, qty) VALUES ('83142658-7661-4304-bc7d-3b95c519f43e', 'Deluxe', 30, 10);
INSERT INTO offer (location_id, offer_type, price, qty) VALUES ('e9d3cdc0-31ac-4441-8c10-6510a5be425e', 'Dorm', 10, 10);
INSERT INTO offer (location_id, offer_type, price, qty) VALUES ('e9d3cdc0-31ac-4441-8c10-6510a5be425e', 'Private', 20, 10);
INSERT INTO offer (location_id, offer_type, price, qty) VALUES ('e9d3cdc0-31ac-4441-8c10-6510a5be425e', 'Deluxe', 30, 10);
INSERT INTO offer (location_id, offer_type, price, qty) VALUES ('36b98307-8715-40cb-beff-e04ab98c0d6b', 'Dorm', 10, 10);
INSERT INTO offer (location_id, offer_type, price, qty) VALUES ('36b98307-8715-40cb-beff-e04ab98c0d6b', 'Private', 20, 10);
INSERT INTO offer (location_id, offer_type, price, qty) VALUES ('36b98307-8715-40cb-beff-e04ab98c0d6b', 'Deluxe', 30, 10);
INSERT INTO offer (location_id, offer_type, price, qty) VALUES ('6864e889-f51d-4d98-b635-f5b2e69f7aa3', 'Dorm', 10, 10);
INSERT INTO offer (location_id, offer_type, price, qty) VALUES ('6864e889-f51d-4d98-b635-f5b2e69f7aa3', 'Private', 20, 10);
INSERT INTO offer (location_id, offer_type, price, qty) VALUES ('6864e889-f51d-4d98-b635-f5b2e69f7aa3', 'Deluxe', 30, 10);
INSERT INTO offer (location_id, offer_type, price, qty) VALUES ('97b78dec-2b17-4f9e-830e-e003dae170ed', 'Dorm', 10, 10);
INSERT INTO offer (location_id, offer_type, price, qty) VALUES ('97b78dec-2b17-4f9e-830e-e003dae170ed', 'Private', 20, 10);
INSERT INTO offer (location_id, offer_type, price, qty) VALUES ('97b78dec-2b17-4f9e-830e-e003dae170ed', 'Deluxe', 30, 10);
